place,latitude,longitude,location_precision,source_url,notes
"5,050 Pass from Dosewallips Road",,,,,
Alki Beach Park & Alki Point,,,,,
Ancient Lake,,,,,
Anderson Island,,,,,
Annette Lake,,,,,
Arch Rock,,,,,
Argonaut Peak/South Route,,,,,
Around South Tiger Mountain,,,,,
Artist Point,,,,,
Austin Pass (winter),,,,,
Backpack the Fitz Roy Massif and Huemul Circuit in Argentine Patagonia,,,,,
Backpack the Fjords of East Greenland,,,,,
Baker Lodge,,,,,
"Balance, Shilshole Bay Marina",,,,,
Bald Rock,,,,,
Barclay Lake,,,,,
Bean Creek Basin,,,,,
Bearscout Peak,,,,,
Beckler Peak,,,,,
Benchmark Mountain via West Cady Ridge,,,,,
Bikepack the Monumental Loop in New Mexico,,,,,
Black Canyon (Umtanum Ridge),,,,,
Blake Island,,,,,
Boston Harbor Vicinity,,,,,
Bowman Bay,,,,,
Bridal Veil Falls,,,,,
Bridle Trails State Park,,,,,
Bryant & Hemlock Peaks,,,,,
Bullion Basin (winter),,,,,
Burroughs Mountain,,,,,
Cabin Creek,,,,,
Cadet Peak,,,,,
Cady Ridge & Pacific Crest Trail,,,,,
Camp Muir & Anvil Rock,,,,,
Canmore,,,,,
Cannon Mountain/Northslope Approach,,,,,
Canyon Arizona’s Aquatic Canyons,,,,,
Capitol Peak,,,,,
Carkeek Park,,,,,
Carr Inlet,,,,,
Cathedral Rock/Southwest Face,,,,,
Cedar Butte (Olallie State Park),,,,,
Cedar Park & Burke-Gilman Trail,,,,,
Central Hood Canal,,,,,
Chair Peak/Northeast Buttress (winter),,,,,
Chair Peak/Southeast Route,,,,,
Change Creek,,,,,
Chelan Lakeshore Trail,,,,,
Chuckanut Bay,,,,,
Chuckanut Ridge & Mountain,,,,,
Church Creek–Satsop Lakes,,,,,
"Chutla, Eagle & Wahpenayo Peaks",,,,,
Cirque Climbing Gym,,,,,
Clark Mountain & Luahna Peak,,,,,
Colchuck & Dragontail Peaks,,,,,
Colchuck Lake,,,,,
"Coldwater Peak, Harry's Ridge & Pumice Plain",,,,,
Coleman Pinnacle,,,,,
Columbia River: Bonneville to Washougal,,,,,
Columbia River: Stevenson to Drano Lake,,,,,
Colvos Passage,,,,,
Commonwealth Basin,,,,,
Concord Tower/North Face,,,,,
"Copper Mountain, Iron Mountain & Pyramid Peak",,,,,
Cougar Mountain: Jim Whittaker Wilderness Peak Trailhead,,,,,
Cougar Mountain: Red Town Trailhead,,,,,
Cougar Mountain: Terrace Trail Trailhead,,,,,
Coyote Wall,,,,,
Coyote Wall & Catherine Creek,,,,,
Cramer Mountain Loop,,,,,
Cross-country Ski in Norway,,,,,
Crystal Mountain Ski Area,,,,,
Curtis Aquatic Center,,,,,
Dark Peak/Dark Glacier,,,,,
Davis Creek,,,,,
Dayhike Newfoundland with a Naturalist and Culture Focus,,,,,
"Dayhike and Explore Croatia’s Seacoast, Islands and Mountain Parks",,,,,
DeRoux Creek,,,,,
Deadhorse Canyon & Rainier Beach,,,,,
Deception Pass,,,,,
"Deception, Mystery, Fricaba & Hal Foss",,,,,
Deer & Sand Lakes,,,,,
Deer Ridge,,,,,
Del Campo & Gothic Peaks,,,,,
Denny Mountain,,,,,
"Dewey Lake, Naches Peak Loop & Pacific Crest Trail",,,,,
Dingford Creek,,,,,
"Dirty Harry's Peak, Balcony & East Balcony",,,,,
Discovery Park,,,,,
Dome Peak/Dome Glacier,,,,,
Dosewallips River/Abandoned National Park Road,,,,,
Downtown Edmonds,,,,,
"Dry Creek Falls, Wahclella Falls & Memaloose Hills",,,,,
Duckabush River,,,,,
Dungeness Spit,,,,,
Echo Ridge,,,,,
"Echo Rock, Observation Rock & Tillicum Point",,,,,
Edwards Mesa-Enchantments Traverse,,,,,
Eld Inlet,,,,,
Eldorado Peak/Inspiration Glacier,,,,,
Enchanted Valley,,,,,
Erling Stordahl,,,,,
Eunice Lake & Tolmie Peak Lookout,,,,,
Exit 38,47.4350,-121.6600,climbing area (approximate),https://www.mountainproject.com/area/114278624/exit-38,
"Fay Peak, Hessong Rock & Mount Pleasant",,,,,
Flaming Geyser State Park,,,,,
Flying Horseshoe Ranch,,,,,
Freshwater Bay,,,,,
Frog Mountain,,,,,
Gig Harbor Triple Cross,,,,,
Ginkgo Petrified Forest,,,,,
Glacier Peak/Disappointment Peak Cleaver,,,,,
Goat Lake (Monte Cristo),,,,,
Goat Mountain & Deadman's Lake,,,,,
Gold Creek Basin,,,,,
Goldmyer Hot Springs,,,,,
Grand Park (Mount Rainier),,,,,
"Grand Park, Scarface & Mount Fremont",,,,,
Grand Ridge Park (Snoqualmie),,,,,
Granite Creek Trail,,,,,
Granite Mountain & Trico Mountain,,,,,
Granite Mountain Trail,,,,,
"Gray Wolf, Dose Meadows Cameron Creek & Grand Pass",,,,,
Green Lake (Mount Rainier),,,,,
Green Lake (Seattle),,,,,
Green Mountain: Gold Creek Trail,,,,,
Green Mountain: Wildcat Trail,,,,,
"Greenwater, Echo & Lost Lakes",,,,,
Guye Peak (winter),,,,,
"Guye Peak, Snoqualmie Mountain & Cave Ridge (Alpental)",,,,,
"Guye Peak, Snoqualmie Mountain & Cave Ridge (PCT)",,,,,
Guye Peak/North Route,,,,,
Guye Peak/West Face,,,,,
Hall Creek,,,,,
Hannegan Pass,,,,,
Hawkins Mountain,,,,,
"Hayak Lake, Nordic Pass, Windy Pass & Mount Catherine",,,,,
Heather Lake (Mountain Loop),,,,,
Heather Park-Lake Angeles Loop,,,,,
Helena Peak,,,,,
Heliotrope Ridge and Lower Coleman Glacier & Seracs,,,,,
Heybrook Lookout & Ridge,,,,,
Hibox Mountain,,,,,
High Sierra - Mount Russell and Mount Whitney,,,,,
Higher Squire,,,,,
Hike and Scramble in Japan's Northern Alps,,,,,
Hike the Amalfi Coast and Cilento National Park in Southern Italy,,,,,
Hike the Lofoten Islands in Northern Norway,,,,,
Hike the Pembrokeshire Coast Path National Trail,,,,,
Hiram M. Chittenden Locks,,,,,
Hobuck Beach,,,,,
Hobuck Beach & Neah Bay,,,,,
Hoh River,,,,,
Hoh River Trail,,,,,
Howard Peak & Florence Peak,,,,,
Humpback Mountain,,,,,
Hyalite Canyon,,,,,
Index Town Walls,,,,,
Indian Bar-Cowlitz Divide,,,,,
Ingalls Creek,,,,,
Ingalls Lake,,,,,
Ingalls Peak/East Ridge,,,,,
Ingalls Peak/South Ridge,,,,,
Ingalls Peak/Southwest Face,,,,,
Inspiration-McAllister-Klawatti Ice Cap Traverse,,,,,
Ira Spring & Putrid Pete's Peak Trails,,,,,
Ira Spring Trail,,,,,
Iron & Teanaway Peaks,,,,,
Juanita Bay Park,,,,,
June Lake,,,,,
Kachess–Domerie Loop,,,,,
Kahler Glen,,,,,
Kamikaze (Teneriffe) Falls,,,,,
Kangaroo Temple/North Face,,,,,
Kendall Katwalk,,,,,
Kendall Peak (winter),,,,,
Kennedy Creek,,,,,
"Kent Station, Mill Creek Canyon & Scenic Hill",,,,,
Kitsap Forest Theater,,,,,
Kloshe Nanitch Lookout,,,,,
Lake 22,,,,,
Lake Ingalls,,,,,
Lake Sammamish State Park,47.5601006,-122.0601201,park reference point,https://geographic.org/geographic_names/usaname.php?fid=usageo_1409&uni=1511547,
Lake Stuart,,,,,
Lake Sylvia State Park/Montesano City Forest,,,,,
Lake Union,,,,,
Lake Washington,,,,,
Lake Wenatchee South Park Area,,,,,
Lamar Valley,,,,,
Le Petit Cheval/Spontaneity Arête,,,,,
Leavenworth,47.5962,-120.6615,city center (approximate),https://www.latlong.net/place/leavenworth-wa-usa-22206.html,
Lena Lake,,,,,
Liberty Bell/Northwest Face,,,,,
Liberty Bell/Southwest Face,,,,,
Lichtenberg Mountain,,,,,
Licorice Fern Trail,,,,,
Lightning Peak,,,,,
Lily & Lizard Lakes,,,,,
Lime Kiln Trail,,,,,
Lincoln Park to Blake Island,,,,,
Little Si,,,,,
Little Tahoma/South Face,,,,,
Lookout Mountain & Monogram Lake,,,,,
Lord Hill Regional Park,,,,,
Lost Coast Trail: Northern Section : California,,,,,
Lost Valley Loop,,,,,
Lower South Fork Skokomish River,,,,,
Luahna Peak/Pilz Glacier,,,,,
Lundin Peak/West Ridge,,,,,
Magnuson Park,,,,,
Mamquam Mountain,,,,,
Maple Pass Loop,,,,,
Margaret's Way,,,,,
Marmot Pass & Buckhorn Mountain,,,,,
Marrowstone & Indian Islands,,,,,
McCleary Cliffs,,,,,
Meany Crest,,,,,
Meany Lodge,,,,,
Melakwa Lake,,,,,
Mercer Slough Nature Park,,,,,
Merchant Peak,,,,,
Methow Valley Winter Trails,,,,,
Middle Fork Snoqualmie River,,,,,
Mirror Lake & Tinkham Peak,,,,,
"Monte Cristo, Glacier Basin, Silver Lake & Twin Lakes",,,,,
Mount Adams Ice Climbing Routes,,,,,
Mount Adams/South Spur,,,,,
Mount Anderson/Eel Glacier,,,,,
Mount Angeles,,,,,
Mount Baker Recreation Area,,,,,
Mount Baker/Boulder Glacier,,,,,
Mount Baker/Coleman Glacier,,,,,
Mount Baker/Easton Glacier,,,,,
Mount Baldy,,,,,
Mount Constance/South Chute,,,,,
Mount Cruiser/Southwest Corner,,,,,
Mount Daniel,,,,,
Mount Daniel/Daniel Glacier,,,,,
Mount Daniel/Lynch Glacier,,,,,
Mount David,,,,,
Mount Ellinor,,,,,
Mount Ellinor & Mount Washington,,,,,
Mount Erie,,,,,
"Mount Fremont Lookout, Berkeley Park & Skyscraper Mountain",,,,,
Mount Herman,,,,,
Mount Logan/Banded Glacier,,,,,
Mount Margaret via Gold Creek (winter),,,,,
Mount Maude & Seven Fingered Jack,,,,,
Mount Molly,,,,,
Mount Olympus/Blue Glacier,,,,,
Mount Pilchuck,,,,,
Mount Pilchuck/East Ridge,,,,,
Mount Pugh,,,,,
Mount Rainier/Emmons Glacier,,,,,
Mount Roosevelt & Kaleetan Peak,,,,,
Mount Rose,,,,,
Mount Ruth (Mount Rainier),,,,,
Mount Shuksan/Fisher Chimneys,,,,,
Mount Shuksan/Sulphide Glacier,,,,,
Mount Si Main Trail,,,,,
Mount Si Old Trail,,,,,
Mount St. Helens/Worm Flows,,,,,
Mount Stuart/West Ridge,,,,,
Mount Teneriffe,,,,,
Mount Walker,,,,,
Mount Washington (Snoqualmie),,,,,
Mount Wow,,,,,
Mountaineers Kitsap Program Center,,,,,
Mountaineers Seattle Program Center,47.685638,-122.264187,program center vicinity,https://www.mountaineers.org/activities/routes-places/mountaineers-properties/mountaineers-seattle-program-center,
Mountaineers Tacoma Program Center,,,,,
Mountains of Southern Arizona,,,,,
"Naches, Yakima & Seymour Peaks",,,,,
Navaho Pass & Peak,,,,,
Necklace Valley,,,,,
Nisqually Delta & Reach,,,,,
Nordic Ski in Idaho's Iconic Sun Valley,,,,,
North Fork Skokomish River,,,,,
North Sister/South Ridge,,,,,
Northwest Timber Trail,,,,,
Noyo River (Mendocino),,,,,
Observation Rock/North Face,,,,,
Ocean City State Park,,,,,
Olallie/Radio Mountain,,,,,
Old Baldy Mountain,,,,,
Old Seattle: Denny Hill & Historic Shoreline,,,,,
Olympia Friends Meeting House,,,,,
Olympic Coast,,,,,
Olympic Coast North: The Shipwreck Coast,,,,,
Olympic Coast South: The Wildcatter Coast,,,,,
Online Classroom,,,,,
Ouray Ice Park,,,,,
Oyster Dome,,,,,
Ozone,,,,,
Pacific Crest Trail: Snoqualmie Pass to Windy Pass,,,,,
Packwood Lake,,,,,
Palisades Lakes,,,,,
Panorama Point,,,,,
Paradise,,,,,
Paradise Valley Conservation Area,,,,,
Perry Creek & Mount Forgotten,,,,,
Pete & Spectacle Lakes,,,,,
Pine & Cedar Lakes,,,,,
Pinnacle Peak & The Castle (Winter),,,,,
"Pinnacle, Plummer, Denman, Lane & The Castle",,,,,
Pinto Rock/Bowling Alley,,,,,
Point Defiance Park,,,,,
Poo Poo Point,,,,,
Poo Poo Point via Chirico Trail,,,,,
Poo Poo Point via High School Trail,,,,,
Port Gamble Bay,,,,,
Possession Sound,,,,,
Pratt Lake Trail,,,,,
Priest Point Park,,,,,
Primus Peak/Borealis Glacier,,,,,
Ptarmigan Ridge,,,,,
"Rachel, Rampart & Lila Lakes",,,,,
Rachor Creek: Upper Canyon,,,,,
Raging River State Forest,,,,,
Rampart Ridge & Alta Mountain,,,,,
Rampart Ridge Loop,,,,,
Rattlesnake Ledge,,,,,
Rattlesnake Mountain (East),,,,,
Rattlesnake Mountain (West),,,,,
Rattlesnake Mountain Grand Traverse,,,,,
Red Mountain (Commonwealth Basin),,,,,
Red Pass & Mountain (Commonwealth Basin),,,,,
Reflection Lakes,,,,,
Renton,,,,,
"Rhythm, Shilshole Bay Marina",,,,,
Rock Thunder Peak,,,,,
Ross Dam & Big Beaver Creek,,,,,
"Ross, Diablo & Gorge Lakes",,,,,
Ruth Mountain & Icy Peak Traverse,,,,,
SPIRE Rock,,,,,
Sahale Peak/Quien Sabe Glacier,,,,,
Sahale Peak/South Slope,,,,,
Saint Edward State Park,,,,,
Sam Hill (Leavenworth),,,,,
San Juan Islands & Lummi Island from Gooseberry Point,,,,,
San Juan Islands from Anacortes,,,,,
Sasse Mountain & Howson Peak,,,,,
Sasse Mountain & Howson Peak (winter),,,,,
Sauk River: White Chuck River to Darrington,,,,,
Scott Paul Trail & Park Butte,,,,,
Seattle Central District,,,,,
Seattle Olmsted 50: Ballard Locks to Rainier Beach,,,,,
Seattle Olmsted Circuit: Ballard Locks to Rainier Beach to Ballard Locks,,,,,
Seattle Public Library: Central Library,,,,,
Seattle Waterfront,,,,,
Seattle Waterfront & Downtown,,,,,
Second Mother Mountain,,,,,
Seven Lakes Basin & High Divide,,,,,
Seward Park,,,,,
Shadow Lake Nature Preserve,,,,,
Sheep Lake & Nannie Ridge,,,,,
Sheep Lake (Chinook Pass),,,,,
Sherman Peak/Squak Glacier (Mount Baker),,,,,
Shi Shi Beach,,,,,
Silver King,,,,,
Silver Peak,,,,,
Silver Star Mountain/Silver Star Creek,,,,,
"Silver, Tinkham & Abiel Peaks",,,,,
Skagit Valley,,,,,
Skaha,,,,,
"Skyline Lake, Skyline Ridge & Tye Peak",,,,,
"Slab Camp Creek, Gray Wolf River & Ned Hill",,,,,
Slippery Slab Tower/Northeast Face,,,,,
Sloan Peak/Corkscrew Route,,,,,
Smith Rock,,,,,
Snohomish River,,,,,
Snoqualmie Mountain,,,,,
Snoqualmie Pass to Stampede Pass: The Patrol Race Traverse,,,,,
Snoqualmie Summit Ski Areas,,,,,
Snoqualmie Valley Trail,,,,,
Snoquera Falls Loop,,,,,
Snoquera Palisades,,,,,
Snow & Gem Lakes (Snoqualmie),,,,,
"Snow Bowl Hut, High Hut & The Yurt",,,,,
Snow Creek Wall,,,,,
Snowfield Peak/Neve Glacier,,,,,
"Songbird Peak, Machu Picchu & Greenway Mountain",,,,,
Source Lake,,,,,
Sourdough Mountain (winter),,,,,
South Early Winter Spire/South Arête,,,,,
South Early Winter Spire/West Face & Southwest Rib,,,,,
South Fork Skykomish River: Beckler River to Baring,,,,,
South Fork Snoqualmie River,,,,,
"Spider Meadows, Spider Gap, Lyman Lakes & Buck Creek Pass",,,,,
"Sporting Jenny, Port of Edmonds Marina",,,,,
Spray Park,,,,,
Squak Mountain: Bullitt Fireplace Access,,,,,
Squak Mountain: May Valley Access,,,,,
Squamish,49.6978,-123.1558,municipal hall reference point,https://apps.gov.bc.ca/pub/bcgnws/names/38680.html,
Squaxin Park,,,,,
Stevens Lodge,,,,,
Stevens Pass Nordic Center,,,,,
Stevens Pass Ski Area,47.7448334,-121.0889884,recreation area reference point,https://www.topozone.com/washington/king-wa/locale/stevens-pass-recreation-area/,
Striped Peak,,,,,
Summerland & Panhandle Gap,,,,,
Surprise Lake & Mountain,,,,,
Tacoma Narrows,,,,,
Talapus Lake Trail,,,,,
"Tamanos Mountain, Governors Ridge, Barrier Peak & Buell Peak",,,,,
Tatoosh Ridge,,,,,
Taylor River,,,,,
Teanaway Butte,,,,,
The Chilliwacks Peaks,,,,,
The Enchantments,,,,,
The Palisades & Marcus Peak,,,,,
The Tooth/South Face,47.4459454,-121.4545387,summit reference point,https://www.topozone.com/washington/king-wa/pillar/the-tooth/,
The Tooth/Southwest Face,,,,,
The Tooth/The Tooth Fairy,,,,,
Third Burroughs & Skyscraper Traverse,,,,,
Three Way Peak,,,,,
Tieton River: Royal Columns,,,,,
Tiger Mountain Lowlands,,,,,
Trek Kyrgyzstan's Tian Shan and Pamir-Alay Mountains,,,,,
Trek Nepal’s Famed Khumbu on the Everest Three Passes Loop,,,,,
Trek Slovenia's Julian and Karawanke Alps,,,,,
Trek Switzerland’s Via Alpina,,,,,
Trek the Swiss Alps in the Jungfrau Region,,,,,
Tubal Cain Mine,,,,,
Tumtum Peak (winter),,,,,
Tunnel Creek,,,,,
Umtanum Ridge,,,,,
"Unicorn, Foss, Boundary & Stevens Peaks",,,,,
University of Washington Olympic Natural Resource Center,,,,,
University of Washington: Seattle Campus,,,,,
Upper Dungeness River,,,,,
Van Trump Park,,,,,
Vantage (Frenchman Coulee),,,,,
Vesper & Sperry Peaks,,,,,
"Vesper, Sperry & Wolf Peaks",,,,,
Wallace Falls,,,,,
Washington Park Arboretum,,,,,
Wenatchee Foothills Trails,,,,,
West Fork Foss Lakes,,,,,
West Granite,,,,,
West Seattle,,,,,
West Tiger Mountain 1-2-3,,,,,
West Tiger Mountain No. 1,,,,,
West Tiger Mountain No. 2,,,,,
West Tiger Mountain No. 3 Cable Line,,,,,
Whidbey Island West Shore,,,,,
Whiskey Dick Mountain,,,,,
White Clouds Wilderness Loop,,,,,
White Pass Nordic Center,,,,,
White River: Buckley to Auburn,,,,,
Whitehorse Mountain/Northwest Shoulder,,,,,
Whitehorse Trail,,,,,
Wind River Range,,,,,
Woodard Bay,,,,,
Wynoochee Lake,,,,,
Yakima Skyline Ridge,,,,,
Yellowjacket Tower/East Flank,,,,,
